id,qname,heading,text,type,diagram,website,updated
,Feature,Feature,A discrete spatial phenomenon in a universe of discourse.,Class,http://www.opengis.net/ont/geosparql/diagrams/Feature.dot.svg,http://www.opengis.net/ont/geosparql/Feature,2026-07-23T21:54:07.173220
,FeatureCollection,Feature Collection,A collection of individual Features.,Class,http://www.opengis.net/ont/geosparql/diagrams/FeatureCollection.dot.svg,http://www.opengis.net/ont/geosparql/FeatureCollection,2026-07-23T21:54:07.173220
,SpatialObject,Spatial Object,"Anything spatial (being or having a shape, position or an extent).",Class,http://www.opengis.net/ont/geosparql/diagrams/SpatialObject.dot.svg,http://www.opengis.net/ont/geosparql/SpatialObject,2026-07-23T21:54:07.173220
,GeometryCollection,Geometry Collection,A collection of individual Geometries.,Class,http://www.opengis.net/ont/geosparql/diagrams/GeometryCollection.dot.svg,http://www.opengis.net/ont/geosparql/GeometryCollection,2026-07-23T21:54:07.173220
,SpatialObjectCollection,Spatial Object Collection,A collection of individual Spatial Objects.,Class,http://www.opengis.net/ont/geosparql/diagrams/SpatialObjectCollection.dot.svg,http://www.opengis.net/ont/geosparql/SpatialObjectCollection,2026-07-23T21:54:07.173220
,Geometry,Geometry,A coherent set of direct positions in space. The positions are held within a Spatial Reference System (SRS).,Class,http://www.opengis.net/ont/geosparql/diagrams/Geometry.dot.svg,http://www.opengis.net/ont/geosparql/Geometry,2026-07-23T21:54:07.173220
,defaultGeometry,default geometry,The default Geometry to be used in spatial calculations. It is usually the most detailed Geometry.,ObjectProperty,,http://www.opengis.net/ont/geosparql/defaultGeometry,2026-07-23T21:54:07.173220
,hasDefaultGeometry,has default geometry,The default Geometry to be used in spatial calculations. It is usually the most detailed Geometry.,ObjectProperty,,http://www.opengis.net/ont/geosparql/hasDefaultGeometry,2026-07-23T21:54:07.173220
,ehContains,contains,States that the subject SpatialObject spatially contains the object SpatialObject. DE-9IM: T*TFF*FF*,ObjectProperty,,http://www.opengis.net/ont/geosparql/ehContains,2026-07-23T21:54:07.173220
,ehCoveredBy,covered by,States that the subject SpatialObject is spatially covered by the object SpatialObject. DE-9IM: TFF*TFT**,ObjectProperty,,http://www.opengis.net/ont/geosparql/ehCoveredBy,2026-07-23T21:54:07.173220
,ehCovers,covers,States that the subject SpatialObject spatially covers the object SpatialObject. DE-9IM: T*TFT*FF*,ObjectProperty,,http://www.opengis.net/ont/geosparql/ehCovers,2026-07-23T21:54:07.173220
,ehDisjoint,disjoint,States that the subject SpatialObject is spatially disjoint from the object SpatialObject. DE-9IM: FF*FF****,ObjectProperty,,http://www.opengis.net/ont/geosparql/ehDisjoint,2026-07-23T21:54:07.173220
,ehEquals,equals,States that the subject SpatialObject spatially equals the object SpatialObject. DE-9IM: TFFFTFFFT,ObjectProperty,,http://www.opengis.net/ont/geosparql/ehEquals,2026-07-23T21:54:07.173220
,ehInside,inside,States that the subject SpatialObject is spatially inside the object SpatialObject. DE-9IM: TFF*FFT**,ObjectProperty,,http://www.opengis.net/ont/geosparql/ehInside,2026-07-23T21:54:07.173220
,ehMeet,meet,States that the subject SpatialObject spatially meets the object SpatialObject. DE-9IM: FT******* ^ F**T***** ^ F***T****,ObjectProperty,,http://www.opengis.net/ont/geosparql/ehMeet,2026-07-23T21:54:07.173220
,ehOverlap,overlap,States that the subject SpatialObject spatially overlaps the object SpatialObject. DE-9IM: T*T***T**,ObjectProperty,,http://www.opengis.net/ont/geosparql/ehOverlap,2026-07-23T21:54:07.173220
,hasGeometry,has geometry,A spatial representation for a given Feature.,ObjectProperty,,http://www.opengis.net/ont/geosparql/hasGeometry,2026-07-23T21:54:07.173220
,hasBoundingBox,has bounding box,The minimum or smallest bounding or enclosing box of a given Feature.,ObjectProperty,,http://www.opengis.net/ont/geosparql/hasBoundingBox,2026-07-23T21:54:07.173220
,hasCentroid,has centroid,The arithmetic mean position of all the Geometry points of a given Feature.,ObjectProperty,,http://www.opengis.net/ont/geosparql/hasCentroid,2026-07-23T21:54:07.173220
,hasLength,has length,The length of a Spatial Object.,ObjectProperty,,http://www.opengis.net/ont/geosparql/hasLength,2026-07-23T21:54:07.173220
,hasPerimeterLength,has perimeter length,The length of the perimeter of a Spatial Object.,ObjectProperty,,http://www.opengis.net/ont/geosparql/hasPerimeterLength,2026-07-23T21:54:07.173220
,hasArea,has area,The area of a Spatial Object.,ObjectProperty,,http://www.opengis.net/ont/geosparql/hasArea,2026-07-23T21:54:07.173220
,hasVolume,has volume,The volume of a three-dimensional Spatial Object.,ObjectProperty,,http://www.opengis.net/ont/geosparql/hasVolume,2026-07-23T21:54:07.173220
,hasSpatialResolution,has spatial resolution,The spatial resolution of a Geometry.,ObjectProperty,,http://www.opengis.net/ont/geosparql/hasSpatialResolution,2026-07-23T21:54:07.173220
,hasSpatialAccuracy,has spatial accuracy,The positional accuracy of the coordinates of a Geometry.,ObjectProperty,,http://www.opengis.net/ont/geosparql/hasSpatialAccuracy,2026-07-23T21:54:07.173220
,rcc8dc,disconnected,States that the subject SpatialObject is spatially disjoint from the object SpatialObject. DE-9IM: FFTFFTTTT,ObjectProperty,,http://www.opengis.net/ont/geosparql/rcc8dc,2026-07-23T21:54:07.173220
,rcc8ec,externally connected,States that the subject SpatialObject spatially meets the object SpatialObject. DE-9IM: FFTFTTTTT,ObjectProperty,,http://www.opengis.net/ont/geosparql/rcc8ec,2026-07-23T21:54:07.173220
,rcc8eq,equals,States that the subject SpatialObject spatially equals the object SpatialObject. DE-9IM: TFFFTFFFT,ObjectProperty,,http://www.opengis.net/ont/geosparql/rcc8eq,2026-07-23T21:54:07.173220
,rcc8ntpp,non-tangential proper part,States that the subject SpatialObject is spatially inside the object SpatialObject. DE-9IM: TFFTFFTTT,ObjectProperty,,http://www.opengis.net/ont/geosparql/rcc8ntpp,2026-07-23T21:54:07.173220
,rcc8ntppi,non-tangential proper part inverse,States that the subject SpatialObject spatially contains the object SpatialObject. DE-9IM: TTTFFTFFT,ObjectProperty,,http://www.opengis.net/ont/geosparql/rcc8ntppi,2026-07-23T21:54:07.173220
,rcc8po,partially overlapping,States that the subject SpatialObject spatially overlaps the object SpatialObject. DE-9IM: TTTTTTTTT,ObjectProperty,,http://www.opengis.net/ont/geosparql/rcc8po,2026-07-23T21:54:07.173220
,rcc8tpp,tangential proper part,States that the subject SpatialObject is spatially covered by the object SpatialObject. DE-9IM: TFFTTFTTT,ObjectProperty,,http://www.opengis.net/ont/geosparql/rcc8tpp,2026-07-23T21:54:07.173220
,rcc8tppi,tangential proper part inverse,States that the subject SpatialObject spatially covers the object SpatialObject. DE-9IM: TTTFTTFFT,ObjectProperty,,http://www.opengis.net/ont/geosparql/rcc8tppi,2026-07-23T21:54:07.173220
,sfContains,contains,States that the subject SpatialObject spatially contains the object SpatialObject. DE-9IM: T*****FF*,ObjectProperty,,http://www.opengis.net/ont/geosparql/sfContains,2026-07-23T21:54:07.173220
,sfCrosses,crosses,States that the subject SpatialObject spatially crosses the object SpatialObject. DE-9IM: T*T******,ObjectProperty,,http://www.opengis.net/ont/geosparql/sfCrosses,2026-07-23T21:54:07.173220
,sfDisjoint,disjoint,States that the subject SpatialObject is spatially disjoint from the object SpatialObject. DE-9IM: FF*FF****,ObjectProperty,,http://www.opengis.net/ont/geosparql/sfDisjoint,2026-07-23T21:54:07.173220
,sfEquals,equals,States that the subject SpatialObject spatially equals the object SpatialObject. DE-9IM: TFFFTFFFT,ObjectProperty,,http://www.opengis.net/ont/geosparql/sfEquals,2026-07-23T21:54:07.173220
,sfIntersects,intersects,States that the subject SpatialObject is not spatially disjoint from the object SpatialObject. DE-9IM: T******** ^ *T******* ^ ***T***** ^ ****T****,ObjectProperty,,http://www.opengis.net/ont/geosparql/sfIntersects,2026-07-23T21:54:07.173220
,sfOverlaps,overlaps,States that the subject SpatialObject spatially overlaps the object SpatialObject. DE-9IM: T*T***T**,ObjectProperty,,http://www.opengis.net/ont/geosparql/sfOverlaps,2026-07-23T21:54:07.173220
,sfTouches,touches,States that the subject SpatialObject spatially touches the object SpatialObject. DE-9IM: FT******* ^ F**T***** ^ F***T****,ObjectProperty,,http://www.opengis.net/ont/geosparql/sfTouches,2026-07-23T21:54:07.173220
,sfWithin,within,States that the subject SpatialObject is spatially within the object SpatialObject. DE-9IM: T*F**F***,ObjectProperty,,http://www.opengis.net/ont/geosparql/sfWithin,2026-07-23T21:54:07.173220
,hasSize,has size,Subproperties of this property are used to indicate the size of a Spatial Object as a measurement or estimate of one or more dimensions of the Spatial Object's spatial presence.,ObjectProperty,,http://www.opengis.net/ont/geosparql/hasSize,2026-07-23T21:54:07.173220
,asGML,as GML,The GML serialization of a Geometry,DatatypeProperty,,http://www.opengis.net/ont/geosparql/asGML,2026-07-23T21:54:07.173220
,asWKT,as WKT,The WKT serialization of a Geometry,DatatypeProperty,,http://www.opengis.net/ont/geosparql/asWKT,2026-07-23T21:54:07.173220
,asGeoJSON,as GeoJSON,The GeoJSON serialization of a Geometry,DatatypeProperty,,http://www.opengis.net/ont/geosparql/asGeoJSON,2026-07-23T21:54:07.173220
,asKML,as KML,The KML serialization of a Geometry,DatatypeProperty,,http://www.opengis.net/ont/geosparql/asKML,2026-07-23T21:54:07.173220
,asDGGS,as DGGS,The Discrete Global Grid System (DGGS) serialization of a Geometry,DatatypeProperty,,http://www.opengis.net/ont/geosparql/asDGGS,2026-07-23T21:54:07.173220
,coordinateDimension,coordinate dimension,The number of measurements or axes needed to describe the position of this Geometry in a coordinate system.,DatatypeProperty,,http://www.opengis.net/ont/geosparql/coordinateDimension,2026-07-23T21:54:07.173220
,dimension,dimension,"The topological dimension of this geometric object, which must be less than or equal to the coordinate dimension. In non-homogeneous collections, this will return the largest topological dimension of the contained objects.",DatatypeProperty,,http://www.opengis.net/ont/geosparql/dimension,2026-07-23T21:54:07.173220
,hasSerialization,has serialization,Connects a Geometry object with its text-based serialization.,DatatypeProperty,,http://www.opengis.net/ont/geosparql/hasSerialization,2026-07-23T21:54:07.173220
,isEmpty,is empty,"(true) if this geometric object is the empty Geometry. If true, then this geometric object represents the empty point set for the coordinate space.",DatatypeProperty,,http://www.opengis.net/ont/geosparql/isEmpty,2026-07-23T21:54:07.173220
,isSimple,is simple,"(true) if this geometric object has no anomalous geometric points, such as self intersection or self tangency.",DatatypeProperty,,http://www.opengis.net/ont/geosparql/isSimple,2026-07-23T21:54:07.173220
,spatialDimension,spatial dimension,The number of measurements or axes needed to describe the spatial position of this Geometry in a coordinate system.,DatatypeProperty,,http://www.opengis.net/ont/geosparql/spatialDimension,2026-07-23T21:54:07.173220
,hasMetricSpatialResolution,has spatial resolution in meters,The spatial resolution of a Geometry in meters.,DatatypeProperty,,http://www.opengis.net/ont/geosparql/hasMetricSpatialResolution,2026-07-23T21:54:07.173220
,hasMetricSpatialAccuracy,has spatial accuracy in meters,The positional accuracy of the coordinates of a Geometry in meters.,DatatypeProperty,,http://www.opengis.net/ont/geosparql/hasMetricSpatialAccuracy,2026-07-23T21:54:07.173220
,hasMetricLength,has length in meters,The length of a Spatial Object in meters.,DatatypeProperty,,http://www.opengis.net/ont/geosparql/hasMetricLength,2026-07-23T21:54:07.173220
,hasMetricPerimeterLength,has perimeter length in meters,The length of the perimeter of a Spatial Object in meters.,DatatypeProperty,,http://www.opengis.net/ont/geosparql/hasMetricPerimeterLength,2026-07-23T21:54:07.173220
,hasMetricArea,has area in square meters,The area of a Spatial Object in square meters.,DatatypeProperty,,http://www.opengis.net/ont/geosparql/hasMetricArea,2026-07-23T21:54:07.173220
,hasMetricVolume,has volume in cubic meters,The volume of a Spatial Object in cubic meters.,DatatypeProperty,,http://www.opengis.net/ont/geosparql/hasMetricVolume,2026-07-23T21:54:07.173220
,hasMetricSize,has metric size,"Subproperties of this property are used to indicate the size of a Spatial Object, as a measurement or estimate of one or more dimensions of the Spatial Object's spatial presence. Units are always metric (meter, square meter or cubic meter).",DatatypeProperty,,http://www.opengis.net/ont/geosparql/hasMetricSize,2026-07-23T21:54:07.173220
